Sequence	RotamerValues	Interface	InterfaceSequence	Seed	Baseline	Dimer	Dimerw/Baseline	HBONDDimer	HBONDDimerOptimize	HBONDDimerPreOptimize	IMM1Dimer	IMM1DimerOptimize	IMM1DimerPreOptimize	Monomer	MonomerSasa	OptimizeSasa	PreBBOptimizeSasa	ReplicateNumber	SequenceEntropy	SequenceProbability	Total	TotalPreOptimize	Totalw/Entropy	VDWDimer	VDWDimerOptimize	VDWDimerPreOptimize	acceptCycleNumber	acceptTemp	endAxialRotation	endCrossingAngle	endXShift	endZShift	firstRepackEnergy	preOptimizeAxialRotation	preOptimizeAxialRotationPrime	preOptimizeCrossingAngle	preOptimizeEnergy	preOptimizeXShift	preOptimizeZShift	preOptimizeZShiftPrime	
LLLLFLLYILLSLLWFLLILI	103301210220131023032		LL--FL-YI--SL-WF--I--	1	367.184	1042.8	1409.98	-72.7832	-72.8371	-72.73	-231.216	-227.59	-231.215	0	0	3778.6	3833.75	0	5.83701	5.22324e-05	-358.378	1042.85	1415.82	1346.8	-57.9508	1346.79	16	3649	-68.3522	25.8737	10	4.69226	-328.636	-66.6667	60	25	1042.85	10	4.6	4	
LLLLFLLYILLSSLWFLLILI	103301210220131023032		LL--FL-YI--SS-WF--I--	1	371.185	1045.36	1416.55	-88.0297	-88.1471	-87.9817	-225.592	-227.574	-225.591	0	0	3804.25	3884.92	1	6.46535	1.80709e-05	-345.31	1045.41	1423.01	1358.99	-29.5886	1358.98	15	3649	-66.6667	25.1897	10.1969	4.72822	-327.921	-66.6667	60	25	1045.41	10	4.6	4	
LLLLFYLYILLSSLWFLLILI	103301210220131023032		LL--FY-YI--SS-WF--I--	1	356.932	1058.44	1415.37	-88.0401	-88.1081	-87.9812	-229.82	-231.93	-229.818	0	0	3865.74	3894.81	2	7.74004	2.09828e-06	-347.863	1058.5	1423.11	1376.3	-27.8249	1376.3	14	3649	-67.6617	25.3882	9.99051	5.01287	-316.254	-66.6667	60	25	1058.5	10	4.6	4	
LLLLSYLLLLLYTLFSLLILI	103301210220131023032		LL--SY-LL--YT-FS--I--	1	374.742	1010.5	1385.25	-88.9421	-102.33	-88.9247	-233.283	-233.966	-233.282	0	0	3805.28	3718.59	3	6.44924	1.85696e-05	-374.996	1010.52	1391.7	1332.73	-38.6999	1332.73	161	7.20993	-66.7379	25.2569	10.1815	4.78928	-346.588	-66.6667	60	25	1010.52	10	4.6	4	
LLLLYLLYLLLSLLWWLLILI	103301210220131023032		LL--YL-YL--SL-WW--I--	1	389.671	1017.12	1406.79	-72.7844	-72.7096	-72.6975	-235.16	-237.378	-235.158	0	0	3891.03	3937.33	4	7.72051	2.16864e-06	-387.807	1017.21	1414.51	1325.07	-77.7193	1325.06	21	3649	-67.4252	25.9078	10.1719	4.84715	-344.864	-66.6667	60	25	1017.21	10	4.6	4	
