Sequence	Interface	InterfaceSequence	BBOptimizeSasa	Baseline	Dimer	Dimerw/Baseline	HBONDDimer	HBONDDimerBBOptimize	HBONDMonomer	IMM1Dimer	IMM1DimerBBOptimize	IMM1Monomer	MCSearchEnergy	Monomer	MonomerSasa	PreBBOptimizeSasa	SequenceProbability	Total	VDWDimer	VDWDimerBBOptimize	VDWMonomer	acceptCycleNumber	bestEnergyTotal	currEnergyTotal	currEntropy	endAxialRotation	endCrossingAngle	endXShift	endZShift	energyComparison	entropyDiff	firstRepackEnergy	geometryNumber	preBBOptimizeEnergy	prevEntropy	startAxialRotation	startCrossingAngle	startDensity	startXShift	startZShift	
LLLLAAALLALLLLLLLLILI	023301110120232023031	L---AAALLA-L---L--I-I	4493.98	383.401	-344.882	38.5188	-45.1579	-45.1579	-45.1495	-217.024	-222.743	-269.171	29.8797	-374.762	4639.87	4257.83	2.66632e-05	20.8127	-82.7002	-86.0479	-60.4407	0	38.6847	38.8251	0.306324	69.3218	22.0394	12.4895	5.19818	-0.140425	0.230296	30.0726	0	29.8797	0.53662	60	25	0	13	4	
LLLLAAALLALYLLLLLLILI	023301110120232023031	L---AAALLA-Y---L--I-I	6205.52	369.07	-347.439	21.6314	-45.1579	-45.1579	-45.1392	-225.452	-231.945	-272.054	14.5853	-362.024	4626.12	4118.36	3.09596e-05	7.07748	-76.8289	-77.8443	-44.8311	0	30.1461	21.9992	0.367771	77.9912	21.3975	11.4064	6.36152	8.14685	0.0884448	20.1725	1	9.69971e+10	0.456216	69.3218	22.0394	0	12.4895	5.19818	
LLLLALALLALYLLLLLLILI	023301110120232023031	L---ALALLA-Y---L--I-I	4614.77	378.467	-363.458	15.0096	-45.1579	-45.1579	-45.1392	-234.338	-239.707	-275.746	9.17915	-372.637	4655.55	3930.25	3.65454e-05	1.55417	-83.9622	-86.218	-51.7514	0	14.3703	15.3729	0.363279	82.0737	22.0861	11.0116	7.23072	-1.00256	0.098195	10.0809	2	1.83039e+07	0.461474	77.9912	21.3975	0	11.4064	6.36152	
