Sequence	Interface	InterfaceSequence	Baseline	Dimer	Dimerw/Baseline	HBONDDimer	HBONDDimerRepack	HBONDMonomer	IMM1Dimer	IMM1DimerRepack	IMM1Monomer	MCSearchEnergy	Monomer	MonomerSasa	SequenceProbability	Total	VDWDimer	VDWDimerRepack	VDWMonomer	acceptCycleNumber	bestEnergyTotal	currEnergyTotal	currEntropy	endAxialRotation	endCrossingAngle	endXShift	endZShift	energyComparison	entropyDiff	firstRepackEnergy	geometryNumber	preRepackEnergy	prevEntropy	startAxialRotation	startCrossingAngle	startDensity	startXShift	startZShift	
LLLLAAAALALLLLLALLILI	023301110120232023031	L---AAAALA-L---A--I-I	372.352	-323.248	49.104	-45.1579	-45.1579	-45.0407	-208.807	-212.211	-260.394	30.7022	-353.95	4560.07	8.16447e-06	25.5201	-69.2833	-71.0618	-48.5153	0	47.4481	49.7951	0.691038	66.9199	21.6598	12.5435	4.85803	-2.34694	-0.470331	30.5153	0	30.7022	0.220707	60	25	0	13	4	
LLLLAAALFALLLLLALLILI	023301110120232023031	L---AAALFA-L---A--I-I	364.031	-330.369	33.662	-45.1579	-45.1579	-45.0878	-225.552	-233.262	-266.073	16.1676	-346.536	4604.74	3.35714e-05	2.08996	-59.6587	-66.0261	-35.3756	0	29.9496	33.917	0.254948	90.3649	16.269	11.3871	7.76397	-3.9673	0.366687	10.655	2	89.2481	0.621635	79.9871	18.2703	0	11.5528	6.40261	
LLLLAAALLALLLLLALLILI	023301110120232023031	L---AAALLA-L---A--I-I	382.2	-338.515	43.6847	-45.1579	-45.1579	-45.0951	-216.227	-224.633	-265.096	25.908	-364.423	4590.18	1.80703e-05	11.5514	-77.1308	-83.0815	-54.2323	0	44.6129	43.9054	0.220707	79.9871	18.2703	11.5528	6.40261	0.707546	0.470331	25.604	1	25.908	0.691038	66.9199	21.6598	0	12.5435	4.85803	
