Sequence	RotamerValues	Interface	InterfaceSequence	Seed	BBOptimizeSasa	Baseline	Dimer	Dimerw/Baseline	HBONDDimer	HBONDDimerBBOptimize	HBONDMonomer	IMM1Dimer	IMM1DimerBBOptimize	IMM1Monomer	MCSearchEnergy	Monomer	MonomerSasa	PreBBOptimizeSasa	SequenceProbability	Total	VDWDimer	VDWDimerBBOptimize	VDWMonomer	acceptCycleNumber	acceptTemp	bestEnergyTotal	currEnergyTotal	currEntropy	endAxialRotation	endAxialRotationPrime	endCrossingAngle	endXShift	endZShift	endZShiftPrime	energyComparison	entropyDiff	firstRepackEnergy	geometryNumber	preBBOptimizeEnergy	preOptimizeAxialRotation	preOptimizeAxialRotationPrime	preOptimizeCrossingAngle	preOptimizeXShift	preOptimizeZShift	preOptimizeZShiftPrime	preRepackTotal	prevEntropy	startAxialRotation	startAxialRotationPrime	startCrossingAngle	startRotZDensity	startXShift	startZShift	startZShiftPrime	
LLLALLLLLLLLALLAFLILI	023001100120032003031	000110011001100110000	L--ALLLLLL-LA--AF-I-I	1	4162.36	375.065	-340.531	34.5341	-45.1579	-45.1579	-45.1579	-215.397	-230.544	-241.786	28.9909	-369.522	4598.79	4227.19	7.30907e-05	20.337	-79.9763	-73.4828	-82.5774	2	3649	34.7673	34.8973	0.363279	-68.6992	71.7094	22.5499	12.727	6.48566	6.0613	-0.130079	0.098195	37.2386	0	187.774	-66.6667	60	25	13	4.6	4	28.9909	0.461474	-66.6667	-66.6667	25	0	13	4.6	4.6	
LLLAYLLLALLLALLAYLILI	023001100120032003031	000110011001100110000	L--AYLLLAL-LA--AY-I-I	1	4244.48	353.199	-339.206	13.9929	-45.1579	-46.3832	-45.1579	-233.028	-236.303	-245.257	10.1939	-349.4	4631.12	4446.83	1.43794e-05	16.4915	-61.0202	-50.2223	-58.9847	2	3649	12.3178	14.9457	0.952787	-70.5485	74.1943	17.5063	12.5481	7.09851	6.71143	-2.62792	-0.820686	23.3465	1	3.31822e+09	-68.6992	71.7094	22.5499	12.727	6.48566	6.0613	10.1939	0.132101	-66.6667	-66.6667	25	0	13	4.6	4.6	
LLLLFLLLLLLLALLAYLILI	023001100120032003031	000110011001100110000	L--LFLLLLL-LA--AY-I-I	1	4196.62	368.187	-347.819	20.3682	-45.1579	-45.1579	-45.1579	-240.935	-245.988	-249.807	15.6957	-363.515	4728.08	4353.44	7.51352e-05	9.5705	-61.7258	-62.7984	-68.5503	2	3649	18.627	20.5003	0.132101	-71.4522	78.4267	15.5832	12.2043	7.80543	7.48183	-1.87328	0.820686	14.5091	2	1.55875e+08	-70.5485	74.1943	17.5063	12.5481	7.09851	6.71143	15.6957	0.952787	-66.6667	-66.6667	25	0	13	4.6	4.6	
