Sequence	InterfaceSequence	Total	Dimer	Monomer	VDWDimer	VDWMonomer	VDWDiff	HBONDDimer	HBONDMonomer	HBONDDiff	IMM1Monomer	IMM1Dimer	IMM1Diff	Baseline	Baseline-Monomer	MonomerSasa	DimerSasa	InterfaceSasa	SequenceProbability	SequenceNumber	Baseline	Sequence	InterfaceSeq	xShift	crossingAngle	axialRotation	zShift	angleDistDensity	axialRotationDensity	zShiftDensity	repackLevels	interfaceLevels	backboneLength
LLLVGLWALLGILVILLLILI	L--VG-WA--GI-VI--L--I	29.1352	-340.997	-370.132	-35.7766	-41.682	0	-67.1563	-57.3061	0	-271.144	-238.064	0	372.369	0	4531.04	3734.56	0	6.78972e-05	0	0	8.97394	28.1696	40.3495	2.04123	0	0	0	25	4	2	21
LLLVGLWALLGVLVILLLILI	L--VG-WA--GV-VI--L--I	13.7241	-352.857	-366.581	-53.2605	-39.6319	0	-67.0629	-57.2965	0	-269.653	-232.534	0	367.276	0	4523.64	3756.22	0	4.71352e-05	0	0	8.97394	28.1696	40.3495	2.04123	0	0	0	25	4	2	21
LLLVGLWALLGYLVILLLILI	L--VG-WA--GY-VI--L--I	23.0237	-335.412	-358.436	-29.9195	-27.1328	0	-67.1563	-57.2933	0	-274.009	-238.336	0	366.498	0	4605.54	3746.05	0	5.49911e-05	0	0	8.97394	28.1696	40.3495	2.04123	0	0	0	25	4	2	21
LLLVSLWALLGYLVILLLILI	L--VS-WA--GY-VI--L--I	885.494	507.835	-377.658	818.342	-28.0533	0	-82.0567	-72.6251	0	-276.98	-228.45	0	386.036	0	4588.32	0	0	9.44553e-05	0	0	8.97394	28.1696	40.3495	2.04123	0	0	0	25	4	2	21
LLLWSLWALLGYLVILLLILI	L--WS-WA--GY-VI--L--I	33.2212	-344.727	-377.948	-24.2754	-21.1981	0	-82.0567	-72.6251	0	-284.125	-238.395	0	391.144	0	4755.9	0	0	2.09901e-05	0	0	8.97394	28.1696	40.3495	2.04123	0	0	0	25	4	2	21
