Sequence	InterfaceSequence	Total	Dimer	Monomer	VDWDimer	VDWMonomer	VDWDiff	HBONDDimer	HBONDMonomer	HBONDDiff	IMM1Monomer	IMM1Dimer	IMM1Diff	Baseline	Baseline-Monomer	MonomerSasa	DimerSasa	InterfaceSasa	SequenceProbability	SequenceNumber	Baseline	Sequence	InterfaceSeq	xShift	crossingAngle	axialRotation	zShift	angleDistDensity	axialRotationDensity	zShiftDensity	repackLevels	interfaceLevels	backboneLength
LLLVGLSALLGYLIILLLILI	L--VG-SA--GY-II--L--I	7.38068	-362.055	-369.436	-45.4037	-26.838	0	-82.8132	-72.554	0	-270.044	-233.838	0	382.078	0	4558.79	3707.42	0	0.00013768	0	0	9.30117	28.8463	38.6004	2.80031	0	0	0	25	4	2	21
LLLVGLWALLGVLIILLLILI	L--VG-WA--GV-II--L--I	29.7154	-340.202	-369.917	-34.7425	-41.4841	0	-67.1563	-57.3061	0	-271.127	-238.303	0	371.431	0	4551.76	3756.06	0	6.78972e-05	0	0	9.30117	28.8463	38.6004	2.80031	0	0	0	25	4	2	21
LLLVGLWALLGYLIILLLILI	L--VG-WA--GY-II--L--I	24.4976	-337.268	-361.766	-30.5421	-28.9885	0	-67.1563	-57.3029	0	-275.474	-239.57	0	368.049	0	4620.46	3768.74	0	5.28089e-05	0	0	9.30117	28.8463	38.6004	2.80031	0	0	0	25	4	2	21
LLLWGLWALLGYLIILLLILI	L--WG-WA--GY-II--L--I	2.27231	-359.75	-362.022	-49.4096	-22.1251	0	-67.0212	-57.3029	0	-282.594	-243.319	0	373.29	0	4770.96	0	0	5.86766e-06	0	0	9.30117	28.8463	38.6004	2.80031	0	0	0	25	4	2	21
