Sequence	Interface	InterfaceSequence	Baseline	Dimer	Dimerw/Baseline	HBONDDimer	HBONDDimerRepack	HBONDMonomer	IMM1Dimer	IMM1DimerRepack	IMM1Monomer	MCSearchEnergy	Monomer	MonomerSasa	SequenceProbability	Total	VDWDimer	VDWDimerRepack	VDWMonomer	acceptCycleNumber	bestEnergyTotal	currEnergyTotal	currEntropy	endAxialRotation	endCrossingAngle	endXShift	endZShift	energyComparison	entropyDiff	firstRepackEnergy	geometryNumber	preRepackEnergy	prevEntropy	startAxialRotation	startCrossingAngle	startDensity	startXShift	startZShift	
LLLLAAAALALFLLLLLLILI	023301110120232023031	L---AAAALA-F---L--I-I	364.692	-336.933	27.7586	-45.1579	-45.1579	-45.0878	-222.993	-229.216	-265.393	9.60166	-346.535	4621.65	3.35714e-05	-1.8419	-68.7822	-74.0032	-36.0548	0	27.3018	28.3774	0.61885	83.5846	24.7612	10.5671	7.03487	-1.07565	-0.362397	10.0002	2	8.67706e+09	0.256453	73.7854	22.2086	0	11.4723	5.85295	
LLLLAALALALFLLLLLLILI	023301110120232023031	L---AALALA-F---L--I-I	374.404	-339.018	35.3858	-45.1579	-45.1579	-45.0878	-220.633	-226.421	-269.317	18.1815	-357.2	4661.48	6.19193e-05	10.1468	-73.227	-75.4744	-42.7943	0	43.7075	35.5978	0.211997	73.7854	22.2086	11.4723	5.85295	8.10971	0.498788	23.8803	1	3.23248e+07	0.710785	65.2999	21.2525	0	12.5224	4.72514	
LLLLAALALALLLLLLLLILI	023301110120232023031	L---AALALA-L---L--I-I	392.314	-343.221	49.0928	-45.1579	-45.1579	-45.0951	-216.24	-220.118	-268.342	31.6791	-374.9	4651.16	2.66632e-05	25.5844	-81.8231	-84.0399	-61.4623	0	47.764	49.3992	0.306324	65.2999	21.2525	12.5224	4.72514	-1.63514	0.230296	31.6659	0	31.6791	0.53662	60	25	0	13	4	
