Geometry,Interface,Seed,HBONDDimerOptimize,HBONDDimerPreOptimize,HBONDMonomer,IMM1DimerOptimize,IMM1DimerPreOptimize,IMM1Monomer,Monomer,MonomerSasa,OptimizeSasa,PreBBOptimizeSasa,Total,TotalPreOptimize,VDWDimerOptimize,VDWDimerPreOptimize,VDWMonomer,endAxialRotation,endAxialRotationPrime,endCrossingAngle,endXShift,endZShift,endZShiftPrime,firstRepackEnergy,preOptimizeAxialRotation,preOptimizeAxialRotationPrime,preOptimizeCrossingAngle,preOptimizeEnergy,preOptimizeXShift,preOptimizeZShift,preOptimizeZShiftPrime,replicateNumber,
LLLTFLLGVLLGLLLGALILI_0,000110011001100110000,1,-57.9574,-56.6294,-44.9172,-213.47,-214.568,-237.765,-334.915,4574.75,3428.68,3459.93,-39.9284,-38.4946,-103.416,-102.212,-52.2334,-88.3607,37.9043,-37.5038,6.4708,4.87118,3.93975,-38.3545,-87.213,39.461,-38.899,-373.41,6.5512,4.90918,4.00109,0,
LLLTFLLGVLLGLLLGALILI_1,000110011001100110000,1,-57.208,-57.9574,-44.9172,-216.281,-214.212,-237.765,-334.915,4574.75,3484.03,3459.93,-40.2395,-39.3923,-101.666,-102.138,-52.2334,-89.4115,42.404,-39.3201,6.65614,5.63627,4.77233,-38.2453,-87.213,39.461,-38.899,-373.41,6.5512,4.90918,4.00109,1,
LLLTFLLGVLLGLLLGALILI_2,000110011001100110000,1,-55.419,-57.208,-44.9172,-214.009,-217.237,-237.765,-334.915,4574.75,3569.61,3459.93,-36.1786,-38.7038,-101.666,-99.1742,-52.2334,-82.8467,42.4686,-40.6587,6.54445,4.66027,3.7973,-38.4847,-87.213,39.461,-38.899,-373.41,6.5512,4.90918,4.00109,2,
