Energy,Thread,xShift,CrossingAngle
-26.4792,20,6.41562,-29.1614
-17.1946,20,6.35204,-45.047
