Geometry,RotamerValues,Interface,Seed,HBONDDimerOptimize,HBONDDimerPreOptimize,IMM1DimerOptimize,IMM1DimerPreOptimize,MonomerSasa,OptimizeSasa,PreBBOptimizeSasa,Total,TotalPreOptimize,VDWDimerOptimize,VDWDimerPreOptimize,endAxialRotation,endAxialRotationPrime,endCrossingAngle,endXShift,endZShift,endZShiftPrime,firstRepackEnergy,preOptimizeAxialRotation,preOptimizeAxialRotationPrime,preOptimizeCrossingAngle,preOptimizeEnergy,preOptimizeXShift,preOptimizeZShift,preOptimizeZShiftPrime,replicateNumber,
Geometry1_Repack0,130000000020012003211,000110011001100110000,1,-61.9508,-61.2631,-187.786,-188.109,0,3132.96,3139.55,1.92542e+08,3.19793e+08,1.92542e+08,3.19793e+08,-0.221961,100.39,0.982497,-0.151956,0.0859493,0.0917999,2.93584e+08,60,188.889,30,3.19792e+08,7,3,4.33333,0,
Geometry1_Repack1,130000000020012003211,000110011001100110000,1,-62.7219,-61.9508,-186.516,-187.786,0,3109.17,3139.55,1.08443e+08,1.92542e+08,1.08443e+08,1.92542e+08,-0.240461,99.7328,-0.846111,-0.314765,0,-0.00400768,1.89223e+08,60,188.889,30,3.19792e+08,7,3,4.33333,1,
Geometry2_Repack0,130000000020012003211,000110011001100110000,1,-56.9992,-56.9992,-178.984,-182.254,0,3151.06,3155.45,3.64976e+07,4.53335e+08,3.64975e+07,4.53335e+08,0.00972309,97.6435,1.08422,-0.0934829,-0.319587,-0.354934,1.48358e+08,60,188.889,20,4.53334e+08,8,3,4.33333,0,
Geometry2_Repack1,130000000020012003211,000110011001100110000,1,-56.9992,-56.9992,-176.333,-178.984,0,3177.96,3155.45,2.00807e+07,3.64976e+07,2.00806e+07,3.64975e+07,0.123835,97.4354,0,0.0761407,-0.364802,-0.403272,2.36148e+07,60,188.889,20,4.53334e+08,8,3,4.33333,1,
