Energy,Thread,xShift,CrossingAngle
-28.1904,20,6.73669,-31.2458
-17.2032,20,6.33219,-45.7601
