,Var1,Freq,Mean,SD
1,L,74976,1.232931809,4.39061762
